capture_date,GMT_capture_time,Country,Statements of Support,Threshold,Percentage
2025-06-23,20:38:13,Austria,10312,13395.0,76.98
2025-06-23,20:38:13,Belgium,14254,14805.0,96.28
2025-06-23,20:38:13,Bulgaria,4719,11985.0,39.37
2025-06-23,20:38:13,Croatia,4257,8460.0,50.32
2025-06-23,20:38:13,Cyprus,587,4230.0,13.88
2025-06-23,20:38:13,Czechia,7567,14805.0,51.11
2025-06-23,20:38:13,Denmark,12288,9870.0,124.5
2025-06-23,20:38:13,Estonia,3094,4935.0,62.7
2025-06-23,20:38:13,Finland,15721,9870.0,159.28
2025-06-23,20:38:13,France,50873,55695.0,91.34
2025-06-23,20:38:13,Germany,99695,67680.0,147.3
2025-06-23,20:38:13,Greece,5164,14805.0,34.88
2025-06-23,20:38:13,Hungary,10108,14805.0,68.27
2025-06-23,20:38:13,Ireland,10590,9165.0,115.55
2025-06-23,20:38:13,Italy,25522,53580.0,47.63
2025-06-23,20:38:13,Latvia,2734,5640.0,48.48
2025-06-23,20:38:13,Lithuania,5311,7755.0,68.48
2025-06-23,20:38:13,Luxembourg,971,4230.0,22.96
2025-06-23,20:38:13,Malta,546,4230.0,12.91
2025-06-23,20:38:13,Netherlands,27014,20445.0,132.13
2025-06-23,20:38:13,Poland,57218,36660.0,156.08
2025-06-23,20:38:13,Portugal,8638,14805.0,58.35
2025-06-23,20:38:13,Romania,12624,23265.0,54.26
2025-06-23,20:38:13,Slovakia,5077,9870.0,51.44
2025-06-23,20:38:13,Slovenia,2524,5640.0,44.75
2025-06-23,20:38:13,Spain,37350,41595.0,89.79
2025-06-23,20:38:13,Sweden,20755,14805.0,140.19
2025-06-23,20:38:13,Total number of signatories,455513,,
2025-06-24,20:10:43,Austria,10549,13395.0,78.75
2025-06-24,20:10:43,Belgium,14608,14805.0,98.67
2025-06-24,20:10:43,Bulgaria,4938,11985.0,41.2
2025-06-24,20:10:43,Croatia,4470,8460.0,52.84
2025-06-24,20:10:43,Cyprus,621,4230.0,14.68
2025-06-24,20:10:43,Czechia,7855,14805.0,53.06
2025-06-24,20:10:43,Denmark,12971,9870.0,131.42
2025-06-24,20:10:43,Estonia,3270,4935.0,66.26
2025-06-24,20:10:43,Finland,16712,9870.0,169.32
2025-06-24,20:10:43,France,52430,55695.0,94.14
2025-06-24,20:10:43,Germany,104058,67680.0,153.75
2025-06-24,20:10:43,Greece,5511,14805.0,37.22
2025-06-24,20:10:43,Hungary,10426,14805.0,70.42
2025-06-24,20:10:43,Ireland,11439,9165.0,124.81
2025-06-24,20:10:43,Italy,26087,53580.0,48.69
2025-06-24,20:10:43,Latvia,2875,5640.0,50.98
2025-06-24,20:10:43,Lithuania,5588,7755.0,72.06
2025-06-24,20:10:43,Luxembourg,1007,4230.0,23.81
2025-06-24,20:10:43,Malta,583,4230.0,13.78
2025-06-24,20:10:43,Netherlands,28510,20445.0,139.45
2025-06-24,20:10:43,Poland,58426,36660.0,159.37
2025-06-24,20:10:43,Portugal,9230,14805.0,62.34
2025-06-24,20:10:43,Romania,13244,23265.0,56.93
2025-06-24,20:10:43,Slovakia,5307,9870.0,53.77
2025-06-24,20:10:43,Slovenia,2631,5640.0,46.65
2025-06-24,20:10:43,Spain,38573,41595.0,92.73
2025-06-24,20:10:43,Sweden,22066,14805.0,149.04
2025-06-24,20:10:43,Total number of signatories,473985,,
2025-06-24,04:43:40,Austria,10326,13395.0,77.09
2025-06-24,04:43:40,Belgium,14272,14805.0,96.4
2025-06-24,04:43:40,Bulgaria,4732,11985.0,39.48
2025-06-24,04:43:40,Croatia,4270,8460.0,50.47
2025-06-24,04:43:40,Cyprus,590,4230.0,13.95
2025-06-24,04:43:40,Czechia,7579,14805.0,51.19
2025-06-24,04:43:40,Denmark,12351,9870.0,125.14
2025-06-24,04:43:40,Estonia,3105,4935.0,62.92
2025-06-24,04:43:40,Finland,15814,9870.0,160.22
2025-06-24,04:43:40,France,51004,55695.0,91.58
2025-06-24,04:43:40,Germany,99937,67680.0,147.66
2025-06-24,04:43:40,Greece,5182,14805.0,35.0
2025-06-24,04:43:40,Hungary,10129,14805.0,68.42
2025-06-24,04:43:40,Ireland,10667,9165.0,116.39
2025-06-24,04:43:40,Italy,25548,53580.0,47.68
2025-06-24,04:43:40,Latvia,2740,5640.0,48.58
2025-06-24,04:43:40,Lithuania,5329,7755.0,68.72
2025-06-24,04:43:40,Luxembourg,971,4230.0,22.96
2025-06-24,04:43:40,Malta,549,4230.0,12.98
2025-06-24,04:43:40,Netherlands,27117,20445.0,132.63
2025-06-24,04:43:40,Poland,57307,36660.0,156.32
2025-06-24,04:43:40,Portugal,8696,14805.0,58.74
2025-06-24,04:43:40,Romania,12660,23265.0,54.42
2025-06-24,04:43:40,Slovakia,5094,9870.0,51.61
2025-06-24,04:43:40,Slovenia,2534,5640.0,44.93
2025-06-24,04:43:40,Spain,37494,41595.0,90.14
2025-06-24,04:43:40,Sweden,20878,14805.0,141.02
2025-06-24,04:43:40,Total number of signatories,456875,,
2025-06-26,10:59:18,Austria,11462,13395.0,85.57
2025-06-26,10:59:18,Belgium,15519,14805.0,104.82
2025-06-26,10:59:18,Bulgaria,5707,11985.0,47.62
2025-06-26,10:59:18,Croatia,5647,8460.0,66.75
2025-06-26,10:59:18,Cyprus,734,4230.0,17.35
2025-06-26,10:59:18,Czechia,8872,14805.0,59.93
2025-06-26,10:59:18,Denmark,14902,9870.0,150.98
2025-06-26,10:59:18,Estonia,3993,4935.0,80.91
2025-06-26,10:59:18,Finland,20087,9870.0,203.52
2025-06-26,10:59:18,France,56945,55695.0,102.24
2025-06-26,10:59:18,Germany,115103,67680.0,170.07
2025-06-26,10:59:18,Greece,6741,14805.0,45.53
2025-06-26,10:59:18,Hungary,11570,14805.0,78.15
2025-06-26,10:59:18,Ireland,13501,9165.0,147.31
2025-06-26,10:59:18,Italy,29719,53580.0,55.47
2025-06-26,10:59:18,Latvia,3281,5640.0,58.17
2025-06-26,10:59:18,Lithuania,6491,7755.0,83.7
2025-06-26,10:59:18,Luxembourg,1157,4230.0,27.35
2025-06-26,10:59:18,Malta,683,4230.0,16.15
2025-06-26,10:59:18,Netherlands,32383,20445.0,158.39
2025-06-26,10:59:18,Poland,64006,36660.0,174.59
2025-06-26,10:59:18,Portugal,11925,14805.0,80.55
2025-06-26,10:59:18,Romania,15385,23265.0,66.13
2025-06-26,10:59:18,Slovakia,6110,9870.0,61.9
2025-06-26,10:59:18,Slovenia,2983,5640.0,52.89
2025-06-26,10:59:18,Spain,41373,41595.0,99.47
2025-06-26,10:59:18,Sweden,25719,14805.0,173.72
2025-06-26,10:59:18,Total number of signatories,531998,,
2025-06-27,16:38:23,Austria,12021,13395.0,89.74
2025-06-27,16:38:23,Belgium,16319,14805.0,110.23
2025-06-27,16:38:23,Bulgaria,6256,11985.0,52.2
2025-06-27,16:38:23,Croatia,6646,8460.0,78.56
2025-06-27,16:38:23,Cyprus,910,4230.0,21.51
2025-06-27,16:38:23,Czechia,9659,14805.0,65.24
2025-06-27,16:38:23,Denmark,16525,9870.0,167.43
2025-06-27,16:38:23,Estonia,4387,4935.0,88.9
2025-06-27,16:38:23,Finland,22339,9870.0,226.33
2025-06-27,16:38:23,France,61323,55695.0,110.11
2025-06-27,16:38:23,Germany,125689,67680.0,185.71
2025-06-27,16:38:23,Greece,7514,14805.0,50.75
2025-06-27,16:38:23,Hungary,12319,14805.0,83.21
2025-06-27,16:38:23,Ireland,15022,9165.0,163.91
2025-06-27,16:38:23,Italy,31909,53580.0,59.55
2025-06-27,16:38:23,Latvia,3641,5640.0,64.56
2025-06-27,16:38:23,Lithuania,7236,7755.0,93.31
2025-06-27,16:38:23,Luxembourg,1278,4230.0,30.21
2025-06-27,16:38:23,Malta,799,4230.0,18.89
2025-06-27,16:38:23,Netherlands,35861,20445.0,175.4
2025-06-27,16:38:23,Poland,68125,36660.0,185.83
2025-06-27,16:38:23,Portugal,13432,14805.0,90.73
2025-06-27,16:38:23,Romania,16813,23265.0,72.27
2025-06-27,16:38:23,Slovakia,6625,9870.0,67.12
2025-06-27,16:38:23,Slovenia,3304,5640.0,58.58
2025-06-27,16:38:23,Spain,43975,41595.0,105.72
2025-06-27,16:38:23,Sweden,28629,14805.0,193.37
2025-06-27,16:38:23,Total number of signatories,578556,,
2025-06-27,21:04:23,Austria,12021,13395.0,89.74
2025-06-27,21:04:23,Belgium,16319,14805.0,110.23
2025-06-27,21:04:23,Bulgaria,6256,11985.0,52.2
2025-06-27,21:04:23,Croatia,6646,8460.0,78.56
2025-06-27,21:04:23,Cyprus,910,4230.0,21.51
2025-06-27,21:04:23,Czechia,9659,14805.0,65.24
2025-06-27,21:04:23,Denmark,16525,9870.0,167.43
2025-06-27,21:04:23,Estonia,4387,4935.0,88.9
2025-06-27,21:04:23,Finland,22339,9870.0,226.33
2025-06-27,21:04:23,France,61323,55695.0,110.11
2025-06-27,21:04:23,Germany,125689,67680.0,185.71
2025-06-27,21:04:23,Greece,7514,14805.0,50.75
2025-06-27,21:04:23,Hungary,12319,14805.0,83.21
2025-06-27,21:04:23,Ireland,15022,9165.0,163.91
2025-06-27,21:04:23,Italy,31909,53580.0,59.55
2025-06-27,21:04:23,Latvia,3641,5640.0,64.56
2025-06-27,21:04:23,Lithuania,7236,7755.0,93.31
2025-06-27,21:04:23,Luxembourg,1278,4230.0,30.21
2025-06-27,21:04:23,Malta,799,4230.0,18.89
2025-06-27,21:04:23,Netherlands,35861,20445.0,175.4
2025-06-27,21:04:23,Poland,68125,36660.0,185.83
2025-06-27,21:04:23,Portugal,13432,14805.0,90.73
2025-06-27,21:04:23,Romania,16813,23265.0,72.27
2025-06-27,21:04:23,Slovakia,6625,9870.0,67.12
2025-06-27,21:04:23,Slovenia,3304,5640.0,58.58
2025-06-27,21:04:23,Spain,43975,41595.0,105.72
2025-06-27,21:04:23,Sweden,28629,14805.0,193.37
2025-06-27,21:04:23,Total number of signatories,578556,,
2025-06-27,22:07:28,Austria,12270,13395.0,91.6
2025-06-27,22:07:28,Belgium,16720,14805.0,112.93
2025-06-27,22:07:28,Bulgaria,6564,11985.0,54.77
2025-06-27,22:07:28,Croatia,6963,8460.0,82.3
2025-06-27,22:07:28,Cyprus,973,4230.0,23.0
2025-06-27,22:07:28,Czechia,9976,14805.0,67.38
2025-06-27,22:07:28,Denmark,17240,9870.0,174.67
2025-06-27,22:07:28,Estonia,4529,4935.0,91.77
2025-06-27,22:07:28,Finland,23345,9870.0,236.52
2025-06-27,22:07:28,France,64297,55695.0,115.44
2025-06-27,22:07:28,Germany,129903,67680.0,191.94
2025-06-27,22:07:28,Greece,7918,14805.0,53.48
2025-06-27,22:07:28,Hungary,12735,14805.0,86.02
2025-06-27,22:07:28,Ireland,15749,9165.0,171.84
2025-06-27,22:07:28,Italy,32785,53580.0,61.19
2025-06-27,22:07:28,Latvia,3836,5640.0,68.01
2025-06-27,22:07:28,Lithuania,7569,7755.0,97.6
2025-06-27,22:07:28,Luxembourg,1325,4230.0,31.32
2025-06-27,22:07:28,Malta,841,4230.0,19.88
2025-06-27,22:07:28,Netherlands,37313,20445.0,182.5
2025-06-27,22:07:28,Poland,70303,36660.0,191.77
2025-06-27,22:07:28,Portugal,14061,14805.0,94.97
2025-06-27,22:07:28,Romania,17414,23265.0,74.85
2025-06-27,22:07:28,Slovakia,6860,9870.0,69.5
2025-06-27,22:07:28,Slovenia,3456,5640.0,61.28
2025-06-27,22:07:28,Spain,47152,41595.0,113.36
2025-06-27,22:07:28,Sweden,30152,14805.0,203.66
2025-06-27,22:07:28,Total number of signatories,602249,,
2025-06-27,22:07:34,Austria,12270,13395.0,91.6
2025-06-27,22:07:34,Belgium,16720,14805.0,112.93
2025-06-27,22:07:34,Bulgaria,6564,11985.0,54.77
2025-06-27,22:07:34,Croatia,6963,8460.0,82.3
2025-06-27,22:07:34,Cyprus,973,4230.0,23.0
2025-06-27,22:07:34,Czechia,9976,14805.0,67.38
2025-06-27,22:07:34,Denmark,17240,9870.0,174.67
2025-06-27,22:07:34,Estonia,4529,4935.0,91.77
2025-06-27,22:07:34,Finland,23345,9870.0,236.52
2025-06-27,22:07:34,France,64297,55695.0,115.44
2025-06-27,22:07:34,Germany,129903,67680.0,191.94
2025-06-27,22:07:34,Greece,7918,14805.0,53.48
2025-06-27,22:07:34,Hungary,12735,14805.0,86.02
2025-06-27,22:07:34,Ireland,15749,9165.0,171.84
2025-06-27,22:07:34,Italy,32785,53580.0,61.19
2025-06-27,22:07:34,Latvia,3836,5640.0,68.01
2025-06-27,22:07:34,Lithuania,7569,7755.0,97.6
2025-06-27,22:07:34,Luxembourg,1325,4230.0,31.32
2025-06-27,22:07:34,Malta,841,4230.0,19.88
2025-06-27,22:07:34,Netherlands,37313,20445.0,182.5
2025-06-27,22:07:34,Poland,70303,36660.0,191.77
2025-06-27,22:07:34,Portugal,14061,14805.0,94.97
2025-06-27,22:07:34,Romania,17414,23265.0,74.85
2025-06-27,22:07:34,Slovakia,6860,9870.0,69.5
2025-06-27,22:07:34,Slovenia,3456,5640.0,61.28
2025-06-27,22:07:34,Spain,47152,41595.0,113.36
2025-06-27,22:07:34,Sweden,30152,14805.0,203.66
2025-06-27,22:07:34,Total number of signatories,602249,,
2025-06-28,07:09:33,Austria,12270,13395.0,91.6
2025-06-28,07:09:33,Belgium,16720,14805.0,112.93
2025-06-28,07:09:33,Bulgaria,6564,11985.0,54.77
2025-06-28,07:09:33,Croatia,6963,8460.0,82.3
2025-06-28,07:09:33,Cyprus,973,4230.0,23.0
2025-06-28,07:09:33,Czechia,9976,14805.0,67.38
2025-06-28,07:09:33,Denmark,17240,9870.0,174.67
2025-06-28,07:09:33,Estonia,4529,4935.0,91.77
2025-06-28,07:09:33,Finland,23345,9870.0,236.52
2025-06-28,07:09:33,France,64297,55695.0,115.44
2025-06-28,07:09:33,Germany,129903,67680.0,191.94
2025-06-28,07:09:33,Greece,7918,14805.0,53.48
2025-06-28,07:09:33,Hungary,12735,14805.0,86.02
2025-06-28,07:09:33,Ireland,15749,9165.0,171.84
2025-06-28,07:09:33,Italy,32785,53580.0,61.19
2025-06-28,07:09:33,Latvia,3836,5640.0,68.01
2025-06-28,07:09:33,Lithuania,7569,7755.0,97.6
2025-06-28,07:09:33,Luxembourg,1325,4230.0,31.32
2025-06-28,07:09:33,Malta,841,4230.0,19.88
2025-06-28,07:09:33,Netherlands,37313,20445.0,182.5
2025-06-28,07:09:33,Poland,70303,36660.0,191.77
2025-06-28,07:09:33,Portugal,14061,14805.0,94.97
2025-06-28,07:09:33,Romania,17414,23265.0,74.85
2025-06-28,07:09:33,Slovakia,6860,9870.0,69.5
2025-06-28,07:09:33,Slovenia,3456,5640.0,61.28
2025-06-28,07:09:33,Spain,47152,41595.0,113.36
2025-06-28,07:09:33,Sweden,30152,14805.0,203.66
2025-06-28,07:09:33,Total number of signatories,602249,,
2025-07-01,01:21:10,Austria,13160,13395.0,98.25
2025-07-01,01:21:10,Belgium,17791,14805.0,120.17
2025-07-01,01:21:10,Bulgaria,7418,11985.0,61.89
2025-07-01,01:21:10,Croatia,7898,8460.0,93.36
2025-07-01,01:21:10,Cyprus,1133,4230.0,26.78
2025-07-01,01:21:10,Czechia,11172,14805.0,75.46
2025-07-01,01:21:10,Denmark,19189,9870.0,194.42
2025-07-01,01:21:10,Estonia,5447,4935.0,110.37
2025-07-01,01:21:10,Finland,26617,9870.0,269.68
2025-07-01,01:21:10,France,70886,55695.0,127.28
2025-07-01,01:21:10,Germany,148457,67680.0,219.35
2025-07-01,01:21:10,Greece,10091,14805.0,68.16
2025-07-01,01:21:10,Hungary,13817,14805.0,93.33
2025-07-01,01:21:10,Ireland,17744,9165.0,193.61
2025-07-01,01:21:10,Italy,41151,53580.0,76.8
2025-07-01,01:21:10,Latvia,4282,5640.0,75.92
2025-07-01,01:21:10,Lithuania,8345,7755.0,107.61
2025-07-01,01:21:10,Luxembourg,1487,4230.0,35.15
2025-07-01,01:21:10,Malta,1001,4230.0,23.66
2025-07-01,01:21:10,Netherlands,41611,20445.0,203.53
2025-07-01,01:21:10,Poland,81049,36660.0,221.08
2025-07-01,01:21:10,Portugal,15762,14805.0,106.46
2025-07-01,01:21:10,Romania,19535,23265.0,83.97
2025-07-01,01:21:10,Slovakia,7656,9870.0,77.57
2025-07-01,01:21:10,Slovenia,3850,5640.0,68.26
2025-07-01,01:21:10,Spain,58027,41595.0,139.5
2025-07-01,01:21:10,Sweden,33928,14805.0,229.17
2025-07-01,01:21:10,Total number of signatories,688504,,
2025-07-01,14:46:49,Austria,13591,13395.0,101.46
2025-07-01,14:46:49,Belgium,18237,14805.0,123.18
2025-07-01,14:46:49,Bulgaria,7706,11985.0,64.3
2025-07-01,14:46:49,Croatia,8349,8460.0,98.69
2025-07-01,14:46:49,Cyprus,1177,4230.0,27.83
2025-07-01,14:46:49,Czechia,11560,14805.0,78.08
2025-07-01,14:46:49,Denmark,20009,9870.0,202.73
2025-07-01,14:46:49,Estonia,5692,4935.0,115.34
2025-07-01,14:46:49,Finland,28113,9870.0,284.83
2025-07-01,14:46:49,France,72810,55695.0,130.73
2025-07-01,14:46:49,Germany,154437,67680.0,228.19
2025-07-01,14:46:49,Greece,10574,14805.0,71.42
2025-07-01,14:46:49,Hungary,14315,14805.0,96.69
2025-07-01,14:46:49,Ireland,18721,9165.0,204.27
2025-07-01,14:46:49,Italy,44670,53580.0,83.37
2025-07-01,14:46:49,Latvia,4447,5640.0,78.85
2025-07-01,14:46:49,Lithuania,8708,7755.0,112.29
2025-07-01,14:46:49,Luxembourg,1545,4230.0,36.52
2025-07-01,14:46:49,Malta,1053,4230.0,24.89
2025-07-01,14:46:49,Netherlands,43717,20445.0,213.83
2025-07-01,14:46:49,Poland,84313,36660.0,229.99
2025-07-01,14:46:49,Portugal,16409,14805.0,110.83
2025-07-01,14:46:49,Romania,20410,23265.0,87.73
2025-07-01,14:46:49,Slovakia,7959,9870.0,80.64
2025-07-01,14:46:49,Slovenia,4005,5640.0,71.01
2025-07-01,14:46:49,Spain,60213,41595.0,144.76
2025-07-01,14:46:49,Sweden,35730,14805.0,241.34
2025-07-01,14:46:49,Total number of signatories,718470,,
2025-06-29,22:24:28,Austria,12867,13395.0,96.06
2025-06-29,22:24:28,Belgium,17409,14805.0,117.59
2025-06-29,22:24:28,Bulgaria,7156,11985.0,59.71
2025-06-29,22:24:28,Croatia,7481,8460.0,88.43
2025-06-29,22:24:28,Cyprus,1095,4230.0,25.89
2025-06-29,22:24:28,Czechia,10781,14805.0,72.82
2025-06-29,22:24:28,Denmark,18494,9870.0,187.38
2025-06-29,22:24:28,Estonia,5062,4935.0,102.57
2025-06-29,22:24:28,Finland,25439,9870.0,257.74
2025-06-29,22:24:28,France,68146,55695.0,122.36
2025-06-29,22:24:28,Germany,141186,67680.0,208.61
2025-06-29,22:24:28,Greece,9489,14805.0,64.09
2025-06-29,22:24:28,Hungary,13450,14805.0,90.85
2025-06-29,22:24:28,Ireland,16822,9165.0,183.55
2025-06-29,22:24:28,Italy,35165,53580.0,65.63
2025-06-29,22:24:28,Latvia,4141,5640.0,73.42
2025-06-29,22:24:28,Lithuania,8119,7755.0,104.69
2025-06-29,22:24:28,Luxembourg,1444,4230.0,34.14
2025-06-29,22:24:28,Malta,954,4230.0,22.55
2025-06-29,22:24:28,Netherlands,40098,20445.0,196.13
2025-06-29,22:24:28,Poland,77271,36660.0,210.78
2025-06-29,22:24:28,Portugal,15166,14805.0,102.44
2025-06-29,22:24:28,Romania,18780,23265.0,80.72
2025-06-29,22:24:28,Slovakia,7423,9870.0,75.21
2025-06-29,22:24:28,Slovenia,3714,5640.0,65.85
2025-06-29,22:24:28,Spain,53574,41595.0,128.8
2025-06-29,22:24:28,Sweden,32664,14805.0,220.63
2025-06-29,22:24:28,Total number of signatories,653390,,
2025-06-28,15:08:52,Austria,12452,13395.0,92.96
2025-06-28,15:08:52,Belgium,16962,14805.0,114.57
2025-06-28,15:08:52,Bulgaria,6731,11985.0,56.16
2025-06-28,15:08:52,Croatia,7166,8460.0,84.7
2025-06-28,15:08:52,Cyprus,1012,4230.0,23.92
2025-06-28,15:08:52,Czechia,10283,14805.0,69.46
2025-06-28,15:08:52,Denmark,17626,9870.0,178.58
2025-06-28,15:08:52,Estonia,4703,4935.0,95.3
2025-06-28,15:08:52,Finland,24197,9870.0,245.16
2025-06-28,15:08:52,France,65575,55695.0,117.74
2025-06-28,15:08:52,Germany,132930,67680.0,196.41
2025-06-28,15:08:52,Greece,8158,14805.0,55.1
2025-06-28,15:08:52,Hungary,12995,14805.0,87.77
2025-06-28,15:08:52,Ireland,16072,9165.0,175.36
2025-06-28,15:08:52,Italy,33456,53580.0,62.44
2025-06-28,15:08:52,Latvia,3952,5640.0,70.07
2025-06-28,15:08:52,Lithuania,7736,7755.0,99.75
2025-06-28,15:08:52,Luxembourg,1368,4230.0,32.34
2025-06-28,15:08:52,Malta,878,4230.0,20.76
2025-06-28,15:08:52,Netherlands,38182,20445.0,186.75
2025-06-28,15:08:52,Poland,72627,36660.0,198.11
2025-06-28,15:08:52,Portugal,14388,14805.0,97.18
2025-06-28,15:08:52,Romania,17866,23265.0,76.79
2025-06-28,15:08:52,Slovakia,7051,9870.0,71.44
2025-06-28,15:08:52,Slovenia,3545,5640.0,62.85
2025-06-28,15:08:52,Spain,49405,41595.0,118.78
2025-06-28,15:08:52,Sweden,31009,14805.0,209.45
2025-06-28,15:08:52,Total number of signatories,618325,,
2025-07-01,18:22:09,Austria,13591,13395.0,101.46
2025-07-01,18:22:09,Belgium,18237,14805.0,123.18
2025-07-01,18:22:09,Bulgaria,7706,11985.0,64.3
2025-07-01,18:22:09,Croatia,8349,8460.0,98.69
2025-07-01,18:22:09,Cyprus,1177,4230.0,27.83
2025-07-01,18:22:09,Czechia,11560,14805.0,78.08
2025-07-01,18:22:09,Denmark,20009,9870.0,202.73
2025-07-01,18:22:09,Estonia,5692,4935.0,115.34
2025-07-01,18:22:09,Finland,28113,9870.0,284.83
2025-07-01,18:22:09,France,72810,55695.0,130.73
2025-07-01,18:22:09,Germany,154437,67680.0,228.19
2025-07-01,18:22:09,Greece,10574,14805.0,71.42
2025-07-01,18:22:09,Hungary,14315,14805.0,96.69
2025-07-01,18:22:09,Ireland,18721,9165.0,204.27
2025-07-01,18:22:09,Italy,44670,53580.0,83.37
2025-07-01,18:22:09,Latvia,4447,5640.0,78.85
2025-07-01,18:22:09,Lithuania,8708,7755.0,112.29
2025-07-01,18:22:09,Luxembourg,1545,4230.0,36.52
2025-07-01,18:22:09,Malta,1053,4230.0,24.89
2025-07-01,18:22:09,Netherlands,43717,20445.0,213.83
2025-07-01,18:22:09,Poland,84313,36660.0,229.99
2025-07-01,18:22:09,Portugal,16409,14805.0,110.83
2025-07-01,18:22:09,Romania,20410,23265.0,87.73
2025-07-01,18:22:09,Slovakia,7959,9870.0,80.64
2025-07-01,18:22:09,Slovenia,4005,5640.0,71.01
2025-07-01,18:22:09,Spain,60213,41595.0,144.76
2025-07-01,18:22:09,Sweden,35730,14805.0,241.34
2025-07-01,18:22:09,Total number of signatories,718470,,
2025-06-27,11:53:46,Austria,12021,13395.0,89.74
2025-06-27,11:53:46,Belgium,16319,14805.0,110.23
2025-06-27,11:53:46,Bulgaria,6256,11985.0,52.2
2025-06-27,11:53:46,Croatia,6646,8460.0,78.56
2025-06-27,11:53:46,Cyprus,910,4230.0,21.51
2025-06-27,11:53:46,Czechia,9659,14805.0,65.24
2025-06-27,11:53:46,Denmark,16525,9870.0,167.43
2025-06-27,11:53:46,Estonia,4387,4935.0,88.9
2025-06-27,11:53:46,Finland,22339,9870.0,226.33
2025-06-27,11:53:46,France,61323,55695.0,110.11
2025-06-27,11:53:46,Germany,125689,67680.0,185.71
2025-06-27,11:53:46,Greece,7514,14805.0,50.75
2025-06-27,11:53:46,Hungary,12319,14805.0,83.21
2025-06-27,11:53:46,Ireland,15022,9165.0,163.91
2025-06-27,11:53:46,Italy,31909,53580.0,59.55
2025-06-27,11:53:46,Latvia,3641,5640.0,64.56
2025-06-27,11:53:46,Lithuania,7236,7755.0,93.31
2025-06-27,11:53:46,Luxembourg,1278,4230.0,30.21
2025-06-27,11:53:46,Malta,799,4230.0,18.89
2025-06-27,11:53:46,Netherlands,35861,20445.0,175.4
2025-06-27,11:53:46,Poland,68125,36660.0,185.83
2025-06-27,11:53:46,Portugal,13432,14805.0,90.73
2025-06-27,11:53:46,Romania,16813,23265.0,72.27
2025-06-27,11:53:46,Slovakia,6625,9870.0,67.12
2025-06-27,11:53:46,Slovenia,3304,5640.0,58.58
2025-06-27,11:53:46,Spain,43975,41595.0,105.72
2025-06-27,11:53:46,Sweden,28629,14805.0,193.37
2025-06-27,11:53:46,Total number of signatories,578556,,
2025-07-02,10:45:21,Austria,14105,13395.0,105.3
2025-07-02,10:45:21,Belgium,19114,14805.0,129.11
2025-07-02,10:45:21,Bulgaria,8270,11985.0,69.0
2025-07-02,10:45:21,Croatia,8924,8460.0,105.48
2025-07-02,10:45:21,Cyprus,1270,4230.0,30.02
2025-07-02,10:45:21,Czechia,12261,14805.0,82.82
2025-07-02,10:45:21,Denmark,21915,9870.0,222.04
2025-07-02,10:45:21,Estonia,6081,4935.0,123.22
2025-07-02,10:45:21,Finland,30648,9870.0,310.52
2025-07-02,10:45:21,France,76662,55695.0,137.65
2025-07-02,10:45:21,Germany,163731,67680.0,241.92
2025-07-02,10:45:21,Greece,11594,14805.0,78.31
2025-07-02,10:45:21,Hungary,15072,14805.0,101.8
2025-07-02,10:45:21,Ireland,21215,9165.0,231.48
2025-07-02,10:45:21,Italy,47576,53580.0,88.79
2025-07-02,10:45:21,Latvia,4770,5640.0,84.57
2025-07-02,10:45:21,Lithuania,9245,7755.0,119.21
2025-07-02,10:45:21,Luxembourg,1663,4230.0,39.31
2025-07-02,10:45:21,Malta,1151,4230.0,27.21
2025-07-02,10:45:21,Netherlands,48050,20445.0,235.02
2025-07-02,10:45:21,Poland,88878,36660.0,242.44
2025-07-02,10:45:21,Portugal,18012,14805.0,121.66
2025-07-02,10:45:21,Romania,22132,23265.0,95.13
2025-07-02,10:45:21,Slovakia,8699,9870.0,88.14
2025-07-02,10:45:21,Slovenia,4255,5640.0,75.44
2025-07-02,10:45:21,Spain,64499,41595.0,155.06
2025-07-02,10:45:21,Sweden,39562,14805.0,267.22
2025-07-02,10:45:21,Total number of signatories,769354,,
2025-07-02,21:29:48,Austria,15432,13395.0,115.21
2025-07-02,21:29:48,Belgium,21236,14805.0,143.44
2025-07-02,21:29:48,Bulgaria,9618,11985.0,80.25
2025-07-02,21:29:48,Croatia,10130,8460.0,119.74
2025-07-02,21:29:48,Cyprus,1461,4230.0,34.54
2025-07-02,21:29:48,Czechia,14404,14805.0,97.29
2025-07-02,21:29:48,Denmark,25316,9870.0,256.49
2025-07-02,21:29:48,Estonia,6842,4935.0,138.64
2025-07-02,21:29:48,Finland,38430,9870.0,389.36
2025-07-02,21:29:48,France,88607,55695.0,159.09
2025-07-02,21:29:48,Germany,188188,67680.0,278.06
2025-07-02,21:29:48,Greece,13612,14805.0,91.94
2025-07-02,21:29:48,Hungary,17074,14805.0,115.33
2025-07-02,21:29:48,Ireland,24767,9165.0,270.23
2025-07-02,21:29:48,Italy,53597,53580.0,100.03
2025-07-02,21:29:48,Latvia,5478,5640.0,97.13
2025-07-02,21:29:48,Lithuania,10441,7755.0,134.64
2025-07-02,21:29:48,Luxembourg,1890,4230.0,44.68
2025-07-02,21:29:48,Malta,1310,4230.0,30.97
2025-07-02,21:29:48,Netherlands,56642,20445.0,277.05
2025-07-02,21:29:48,Poland,99672,36660.0,271.88
2025-07-02,21:29:48,Portugal,20903,14805.0,141.19
2025-07-02,21:29:48,Romania,25702,23265.0,110.47
2025-07-02,21:29:48,Slovakia,10808,9870.0,109.5
2025-07-02,21:29:48,Slovenia,4859,5640.0,86.15
2025-07-02,21:29:48,Spain,75396,41595.0,181.26
2025-07-02,21:29:48,Sweden,46409,14805.0,313.47
2025-07-02,21:29:48,Total number of signatories,888224,,
2025-07-01,20:41:43,Austria,13591,13395.0,101.46
2025-07-01,20:41:43,Belgium,18237,14805.0,123.18
2025-07-01,20:41:43,Bulgaria,7706,11985.0,64.3
2025-07-01,20:41:43,Croatia,8349,8460.0,98.69
2025-07-01,20:41:43,Cyprus,1177,4230.0,27.83
2025-07-01,20:41:43,Czechia,11560,14805.0,78.08
2025-07-01,20:41:43,Denmark,20009,9870.0,202.73
2025-07-01,20:41:43,Estonia,5692,4935.0,115.34
2025-07-01,20:41:43,Finland,28113,9870.0,284.83
2025-07-01,20:41:43,France,72810,55695.0,130.73
2025-07-01,20:41:43,Germany,154437,67680.0,228.19
2025-07-01,20:41:43,Greece,10574,14805.0,71.42
2025-07-01,20:41:43,Hungary,14315,14805.0,96.69
2025-07-01,20:41:43,Ireland,18721,9165.0,204.27
2025-07-01,20:41:43,Italy,44670,53580.0,83.37
2025-07-01,20:41:43,Latvia,4447,5640.0,78.85
2025-07-01,20:41:43,Lithuania,8708,7755.0,112.29
2025-07-01,20:41:43,Luxembourg,1545,4230.0,36.52
2025-07-01,20:41:43,Malta,1053,4230.0,24.89
2025-07-01,20:41:43,Netherlands,43717,20445.0,213.83
2025-07-01,20:41:43,Poland,84313,36660.0,229.99
2025-07-01,20:41:43,Portugal,16409,14805.0,110.83
2025-07-01,20:41:43,Romania,20410,23265.0,87.73
2025-07-01,20:41:43,Slovakia,7959,9870.0,80.64
2025-07-01,20:41:43,Slovenia,4005,5640.0,71.01
2025-07-01,20:41:43,Spain,60213,41595.0,144.76
2025-07-01,20:41:43,Sweden,35730,14805.0,241.34
2025-07-01,20:41:43,Total number of signatories,718470,,
2025-07-02,05:15:38,Austria,14105,13395.0,105.3
2025-07-02,05:15:38,Belgium,19114,14805.0,129.11
2025-07-02,05:15:38,Bulgaria,8270,11985.0,69.0
2025-07-02,05:15:38,Croatia,8924,8460.0,105.48
2025-07-02,05:15:38,Cyprus,1270,4230.0,30.02
2025-07-02,05:15:38,Czechia,12261,14805.0,82.82
2025-07-02,05:15:38,Denmark,21915,9870.0,222.04
2025-07-02,05:15:38,Estonia,6081,4935.0,123.22
2025-07-02,05:15:38,Finland,30648,9870.0,310.52
2025-07-02,05:15:38,France,76662,55695.0,137.65
2025-07-02,05:15:38,Germany,163731,67680.0,241.92
2025-07-02,05:15:38,Greece,11594,14805.0,78.31
2025-07-02,05:15:38,Hungary,15072,14805.0,101.8
2025-07-02,05:15:38,Ireland,21215,9165.0,231.48
2025-07-02,05:15:38,Italy,47576,53580.0,88.79
2025-07-02,05:15:38,Latvia,4770,5640.0,84.57
2025-07-02,05:15:38,Lithuania,9245,7755.0,119.21
2025-07-02,05:15:38,Luxembourg,1663,4230.0,39.31
2025-07-02,05:15:38,Malta,1151,4230.0,27.21
2025-07-02,05:15:38,Netherlands,48050,20445.0,235.02
2025-07-02,05:15:38,Poland,88878,36660.0,242.44
2025-07-02,05:15:38,Portugal,18012,14805.0,121.66
2025-07-02,05:15:38,Romania,22132,23265.0,95.13
2025-07-02,05:15:38,Slovakia,8699,9870.0,88.14
2025-07-02,05:15:38,Slovenia,4255,5640.0,75.44
2025-07-02,05:15:38,Spain,64499,41595.0,155.06
2025-07-02,05:15:38,Sweden,39562,14805.0,267.22
2025-07-02,05:15:38,Total number of signatories,769354,,
2025-07-03,06:10:41,Austria,16028,13395.0,119.66
2025-07-03,06:10:41,Belgium,22094,14805.0,149.23
2025-07-03,06:10:41,Bulgaria,10147,11985.0,84.66
2025-07-03,06:10:41,Croatia,10602,8460.0,125.32
2025-07-03,06:10:41,Cyprus,1556,4230.0,36.78
2025-07-03,06:10:41,Czechia,15524,14805.0,104.86
2025-07-03,06:10:41,Denmark,26701,9870.0,270.53
2025-07-03,06:10:41,Estonia,7134,4935.0,144.56
2025-07-03,06:10:41,Finland,41516,9870.0,420.63
2025-07-03,06:10:41,France,94622,55695.0,169.89
2025-07-03,06:10:41,Germany,199537,67680.0,294.82
2025-07-03,06:10:41,Greece,14405,14805.0,97.3
2025-07-03,06:10:41,Hungary,17894,14805.0,120.86
2025-07-03,06:10:41,Ireland,26252,9165.0,286.44
2025-07-03,06:10:41,Italy,55549,53580.0,103.67
2025-07-03,06:10:41,Latvia,5816,5640.0,103.12
2025-07-03,06:10:41,Lithuania,10885,7755.0,140.36
2025-07-03,06:10:41,Luxembourg,1984,4230.0,46.9
2025-07-03,06:10:41,Malta,1381,4230.0,32.65
2025-07-03,06:10:41,Netherlands,60094,20445.0,293.93
2025-07-03,06:10:41,Poland,103549,36660.0,282.46
2025-07-03,06:10:41,Portugal,22393,14805.0,151.25
2025-07-03,06:10:41,Romania,27134,23265.0,116.63
2025-07-03,06:10:41,Slovakia,12024,9870.0,121.82
2025-07-03,06:10:41,Slovenia,5075,5640.0,89.98
2025-07-03,06:10:41,Spain,79813,41595.0,191.88
2025-07-03,06:10:41,Sweden,49255,14805.0,332.69
2025-07-03,06:10:41,Total number of signatories,938964,,
2025-07-04,05:44:55,Austria,17138,13395.0,127.94
2025-07-04,05:44:55,Belgium,23762,14805.0,160.5
2025-07-04,05:44:55,Bulgaria,11083,11985.0,92.47
2025-07-04,05:44:55,Croatia,11453,8460.0,135.38
2025-07-04,05:44:55,Cyprus,1718,4230.0,40.61
2025-07-04,05:44:55,Czechia,17571,14805.0,118.68
2025-07-04,05:44:55,Denmark,29043,9870.0,294.26
2025-07-04,05:44:55,Estonia,7612,4935.0,154.25
2025-07-04,05:44:55,Finland,45683,9870.0,462.85
2025-07-04,05:44:55,France,104461,55695.0,187.56
2025-07-04,05:44:55,Germany,217794,67680.0,321.8
2025-07-04,05:44:55,Greece,15708,14805.0,106.1
2025-07-04,05:44:55,Hungary,20319,14805.0,137.24
2025-07-04,05:44:55,Ireland,28623,9165.0,312.31
2025-07-04,05:44:55,Italy,59586,53580.0,111.21
2025-07-04,05:44:55,Latvia,6358,5640.0,112.73
2025-07-04,05:44:55,Lithuania,11729,7755.0,151.24
2025-07-04,05:44:55,Luxembourg,2149,4230.0,50.8
2025-07-04,05:44:55,Malta,1530,4230.0,36.17
2025-07-04,05:44:55,Netherlands,66433,20445.0,324.94
2025-07-04,05:44:55,Poland,113410,36660.0,309.36
2025-07-04,05:44:55,Portugal,24678,14805.0,166.69
2025-07-04,05:44:55,Romania,29452,23265.0,126.59
2025-07-04,05:44:55,Slovakia,13826,9870.0,140.08
2025-07-04,05:44:55,Slovenia,5548,5640.0,98.37
2025-07-04,05:44:55,Spain,88586,41595.0,212.97
2025-07-04,05:44:55,Sweden,54076,14805.0,365.25
2025-07-04,05:44:55,Total number of signatories,1029329,,
2025-07-04,08:05:40,Austria,17138,13395.0,127.94
2025-07-04,08:05:40,Belgium,23762,14805.0,160.5
2025-07-04,08:05:40,Bulgaria,11083,11985.0,92.47
2025-07-04,08:05:40,Croatia,11453,8460.0,135.38
2025-07-04,08:05:40,Cyprus,1718,4230.0,40.61
2025-07-04,08:05:40,Czechia,17571,14805.0,118.68
2025-07-04,08:05:40,Denmark,29043,9870.0,294.26
2025-07-04,08:05:40,Estonia,7612,4935.0,154.25
2025-07-04,08:05:40,Finland,45683,9870.0,462.85
2025-07-04,08:05:40,France,104461,55695.0,187.56
2025-07-04,08:05:40,Germany,217794,67680.0,321.8
2025-07-04,08:05:40,Greece,15708,14805.0,106.1
2025-07-04,08:05:40,Hungary,20319,14805.0,137.24
2025-07-04,08:05:40,Ireland,28623,9165.0,312.31
2025-07-04,08:05:40,Italy,59586,53580.0,111.21
2025-07-04,08:05:40,Latvia,6358,5640.0,112.73
2025-07-04,08:05:40,Lithuania,11729,7755.0,151.24
2025-07-04,08:05:40,Luxembourg,2149,4230.0,50.8
2025-07-04,08:05:40,Malta,1530,4230.0,36.17
2025-07-04,08:05:40,Netherlands,66433,20445.0,324.94
2025-07-04,08:05:40,Poland,113410,36660.0,309.36
2025-07-04,08:05:40,Portugal,24678,14805.0,166.69
2025-07-04,08:05:40,Romania,29452,23265.0,126.59
2025-07-04,08:05:40,Slovakia,13826,9870.0,140.08
2025-07-04,08:05:40,Slovenia,5548,5640.0,98.37
2025-07-04,08:05:40,Spain,88586,41595.0,212.97
2025-07-04,08:05:40,Sweden,54076,14805.0,365.25
2025-07-04,08:05:40,Total number of signatories,1029329,,
2025-07-04,07:03:37,Austria,17138,13395.0,127.94
2025-07-04,07:03:37,Belgium,23762,14805.0,160.5
2025-07-04,07:03:37,Bulgaria,11083,11985.0,92.47
2025-07-04,07:03:37,Croatia,11453,8460.0,135.38
2025-07-04,07:03:37,Cyprus,1718,4230.0,40.61
2025-07-04,07:03:37,Czechia,17571,14805.0,118.68
2025-07-04,07:03:37,Denmark,29043,9870.0,294.26
2025-07-04,07:03:37,Estonia,7612,4935.0,154.25
2025-07-04,07:03:37,Finland,45683,9870.0,462.85
2025-07-04,07:03:37,France,104461,55695.0,187.56
2025-07-04,07:03:37,Germany,217794,67680.0,321.8
2025-07-04,07:03:37,Greece,15708,14805.0,106.1
2025-07-04,07:03:37,Hungary,20319,14805.0,137.24
2025-07-04,07:03:37,Ireland,28623,9165.0,312.31
2025-07-04,07:03:37,Italy,59586,53580.0,111.21
2025-07-04,07:03:37,Latvia,6358,5640.0,112.73
2025-07-04,07:03:37,Lithuania,11729,7755.0,151.24
2025-07-04,07:03:37,Luxembourg,2149,4230.0,50.8
2025-07-04,07:03:37,Malta,1530,4230.0,36.17
2025-07-04,07:03:37,Netherlands,66433,20445.0,324.94
2025-07-04,07:03:37,Poland,113410,36660.0,309.36
2025-07-04,07:03:37,Portugal,24678,14805.0,166.69
2025-07-04,07:03:37,Romania,29452,23265.0,126.59
2025-07-04,07:03:37,Slovakia,13826,9870.0,140.08
2025-07-04,07:03:37,Slovenia,5548,5640.0,98.37
2025-07-04,07:03:37,Spain,88586,41595.0,212.97
2025-07-04,07:03:37,Sweden,54076,14805.0,365.25
2025-07-04,07:03:37,Total number of signatories,1029329,,
2025-07-04,23:25:53,Austria,18478,13395.0,137.95
2025-07-04,23:25:53,Belgium,26004,14805.0,175.64
2025-07-04,23:25:53,Bulgaria,12236,11985.0,102.09
2025-07-04,23:25:53,Croatia,12527,8460.0,148.07
2025-07-04,23:25:53,Cyprus,1890,4230.0,44.68
2025-07-04,23:25:53,Czechia,19706,14805.0,133.1
2025-07-04,23:25:53,Denmark,31870,9870.0,322.9
2025-07-04,23:25:53,Estonia,8252,4935.0,167.21
2025-07-04,23:25:53,Finland,50291,9870.0,509.53
2025-07-04,23:25:53,France,119887,55695.0,215.26
2025-07-04,23:25:53,Germany,242683,67680.0,358.57
2025-07-04,23:25:53,Greece,17475,14805.0,118.03
2025-07-04,23:25:53,Hungary,22512,14805.0,152.06
2025-07-04,23:25:53,Ireland,31328,9165.0,341.82
2025-07-04,23:25:53,Italy,64389,53580.0,120.17
2025-07-04,23:25:53,Latvia,6982,5640.0,123.79
2025-07-04,23:25:53,Lithuania,12743,7755.0,164.32
2025-07-04,23:25:53,Luxembourg,2380,4230.0,56.26
2025-07-04,23:25:53,Malta,1750,4230.0,41.37
2025-07-04,23:25:53,Netherlands,75543,20445.0,369.49
2025-07-04,23:25:53,Poland,125780,36660.0,343.1
2025-07-04,23:25:53,Portugal,27350,14805.0,184.73
2025-07-04,23:25:53,Romania,32117,23265.0,138.05
2025-07-04,23:25:53,Slovakia,15818,9870.0,160.26
2025-07-04,23:25:53,Slovenia,6057,5640.0,107.39
2025-07-04,23:25:53,Spain,99950,41595.0,240.29
2025-07-04,23:25:53,Sweden,59977,14805.0,405.11
2025-07-04,23:25:53,Total number of signatories,1145975,,
2025-07-03,06:22:44,Austria,16028,13395.0,119.66
2025-07-03,06:22:44,Belgium,22094,14805.0,149.23
2025-07-03,06:22:44,Bulgaria,10147,11985.0,84.66
2025-07-03,06:22:44,Croatia,10602,8460.0,125.32
2025-07-03,06:22:44,Cyprus,1556,4230.0,36.78
2025-07-03,06:22:44,Czechia,15524,14805.0,104.86
2025-07-03,06:22:44,Denmark,26701,9870.0,270.53
2025-07-03,06:22:44,Estonia,7134,4935.0,144.56
2025-07-03,06:22:44,Finland,41516,9870.0,420.63
2025-07-03,06:22:44,France,94622,55695.0,169.89
2025-07-03,06:22:44,Germany,199537,67680.0,294.82
2025-07-03,06:22:44,Greece,14405,14805.0,97.3
2025-07-03,06:22:44,Hungary,17894,14805.0,120.86
2025-07-03,06:22:44,Ireland,26252,9165.0,286.44
2025-07-03,06:22:44,Italy,55549,53580.0,103.67
2025-07-03,06:22:44,Latvia,5816,5640.0,103.12
2025-07-03,06:22:44,Lithuania,10885,7755.0,140.36
2025-07-03,06:22:44,Luxembourg,1984,4230.0,46.9
2025-07-03,06:22:44,Malta,1381,4230.0,32.65
2025-07-03,06:22:44,Netherlands,60094,20445.0,293.93
2025-07-03,06:22:44,Poland,103549,36660.0,282.46
2025-07-03,06:22:44,Portugal,22393,14805.0,151.25
2025-07-03,06:22:44,Romania,27134,23265.0,116.63
2025-07-03,06:22:44,Slovakia,12024,9870.0,121.82
2025-07-03,06:22:44,Slovenia,5075,5640.0,89.98
2025-07-03,06:22:44,Spain,79813,41595.0,191.88
2025-07-03,06:22:44,Sweden,49255,14805.0,332.69
2025-07-03,06:22:44,Total number of signatories,938964,,
2025-07-03,18:00:15,Austria,17138,13395.0,127.94
2025-07-03,18:00:15,Belgium,23762,14805.0,160.5
2025-07-03,18:00:15,Bulgaria,11083,11985.0,92.47
2025-07-03,18:00:15,Croatia,11453,8460.0,135.38
2025-07-03,18:00:15,Cyprus,1718,4230.0,40.61
2025-07-03,18:00:15,Czechia,17571,14805.0,118.68
2025-07-03,18:00:15,Denmark,29043,9870.0,294.26
2025-07-03,18:00:15,Estonia,7612,4935.0,154.25
2025-07-03,18:00:15,Finland,45683,9870.0,462.85
2025-07-03,18:00:15,France,104461,55695.0,187.56
2025-07-03,18:00:15,Germany,217794,67680.0,321.8
2025-07-03,18:00:15,Greece,15708,14805.0,106.1
2025-07-03,18:00:15,Hungary,20319,14805.0,137.24
2025-07-03,18:00:15,Ireland,28623,9165.0,312.31
2025-07-03,18:00:15,Italy,59586,53580.0,111.21
2025-07-03,18:00:15,Latvia,6358,5640.0,112.73
2025-07-03,18:00:15,Lithuania,11729,7755.0,151.24
2025-07-03,18:00:15,Luxembourg,2149,4230.0,50.8
2025-07-03,18:00:15,Malta,1530,4230.0,36.17
2025-07-03,18:00:15,Netherlands,66433,20445.0,324.94
2025-07-03,18:00:15,Poland,113410,36660.0,309.36
2025-07-03,18:00:15,Portugal,24678,14805.0,166.69
2025-07-03,18:00:15,Romania,29452,23265.0,126.59
2025-07-03,18:00:15,Slovakia,13826,9870.0,140.08
2025-07-03,18:00:15,Slovenia,5548,5640.0,98.37
2025-07-03,18:00:15,Spain,88586,41595.0,212.97
2025-07-03,18:00:15,Sweden,54076,14805.0,365.25
2025-07-03,18:00:15,Total number of signatories,1029329,,
2025-07-05,13:04:23,Austria,18478,13395.0,137.95
2025-07-05,13:04:23,Belgium,26004,14805.0,175.64
2025-07-05,13:04:23,Bulgaria,12236,11985.0,102.09
2025-07-05,13:04:23,Croatia,12527,8460.0,148.07
2025-07-05,13:04:23,Cyprus,1890,4230.0,44.68
2025-07-05,13:04:23,Czechia,19706,14805.0,133.1
2025-07-05,13:04:23,Denmark,31870,9870.0,322.9
2025-07-05,13:04:23,Estonia,8252,4935.0,167.21
2025-07-05,13:04:23,Finland,50291,9870.0,509.53
2025-07-05,13:04:23,France,119887,55695.0,215.26
2025-07-05,13:04:23,Germany,242683,67680.0,358.57
2025-07-05,13:04:23,Greece,17475,14805.0,118.03
2025-07-05,13:04:23,Hungary,22512,14805.0,152.06
2025-07-05,13:04:23,Ireland,31328,9165.0,341.82
2025-07-05,13:04:23,Italy,64389,53580.0,120.17
2025-07-05,13:04:23,Latvia,6982,5640.0,123.79
2025-07-05,13:04:23,Lithuania,12743,7755.0,164.32
2025-07-05,13:04:23,Luxembourg,2380,4230.0,56.26
2025-07-05,13:04:23,Malta,1750,4230.0,41.37
2025-07-05,13:04:23,Netherlands,75543,20445.0,369.49
2025-07-05,13:04:23,Poland,125780,36660.0,343.1
2025-07-05,13:04:23,Portugal,27350,14805.0,184.73
2025-07-05,13:04:23,Romania,32117,23265.0,138.05
2025-07-05,13:04:23,Slovakia,15818,9870.0,160.26
2025-07-05,13:04:23,Slovenia,6057,5640.0,107.39
2025-07-05,13:04:23,Spain,99950,41595.0,240.29
2025-07-05,13:04:23,Sweden,59977,14805.0,405.11
2025-07-05,13:04:23,Total number of signatories,1145975,,
2025-07-06,20:15:46,Austria,19191,13395.0,143.27
2025-07-06,20:15:46,Belgium,27096,14805.0,183.02
2025-07-06,20:15:46,Bulgaria,12772,11985.0,106.57
2025-07-06,20:15:46,Croatia,13012,8460.0,153.81
2025-07-06,20:15:46,Cyprus,1962,4230.0,46.38
2025-07-06,20:15:46,Czechia,21580,14805.0,145.76
2025-07-06,20:15:46,Denmark,33287,9870.0,337.25
2025-07-06,20:15:46,Estonia,8547,4935.0,173.19
2025-07-06,20:15:46,Finland,52234,9870.0,529.22
2025-07-06,20:15:46,France,125916,55695.0,226.08
2025-07-06,20:15:46,Germany,254311,67680.0,375.76
2025-07-06,20:15:46,Greece,18380,14805.0,124.15
2025-07-06,20:15:46,Hungary,23459,14805.0,158.45
2025-07-06,20:15:46,Ireland,32448,9165.0,354.04
2025-07-06,20:15:46,Italy,66920,53580.0,124.9
2025-07-06,20:15:46,Latvia,7263,5640.0,128.78
2025-07-06,20:15:46,Lithuania,13247,7755.0,170.82
2025-07-06,20:15:46,Luxembourg,2482,4230.0,58.68
2025-07-06,20:15:46,Malta,1846,4230.0,43.64
2025-07-06,20:15:46,Netherlands,79666,20445.0,389.66
2025-07-06,20:15:46,Poland,132354,36660.0,361.03
2025-07-06,20:15:46,Portugal,28527,14805.0,192.68
2025-07-06,20:15:46,Romania,33470,23265.0,143.86
2025-07-06,20:15:46,Slovakia,17036,9870.0,172.6
2025-07-06,20:15:46,Slovenia,6307,5640.0,111.83
2025-07-06,20:15:46,Spain,105595,41595.0,253.86
2025-07-06,20:15:46,Sweden,62982,14805.0,425.41
2025-07-06,20:15:46,Total number of signatories,1201890,,
2025-07-07,00:08:19,Austria,19191,13395.0,143.27
2025-07-07,00:08:19,Belgium,27096,14805.0,183.02
2025-07-07,00:08:19,Bulgaria,12772,11985.0,106.57
2025-07-07,00:08:19,Croatia,13012,8460.0,153.81
2025-07-07,00:08:19,Cyprus,1962,4230.0,46.38
2025-07-07,00:08:19,Czechia,21580,14805.0,145.76
2025-07-07,00:08:19,Denmark,33287,9870.0,337.25
2025-07-07,00:08:19,Estonia,8547,4935.0,173.19
2025-07-07,00:08:19,Finland,52234,9870.0,529.22
2025-07-07,00:08:19,France,125916,55695.0,226.08
2025-07-07,00:08:19,Germany,254311,67680.0,375.76
2025-07-07,00:08:19,Greece,18380,14805.0,124.15
2025-07-07,00:08:19,Hungary,23459,14805.0,158.45
2025-07-07,00:08:19,Ireland,32448,9165.0,354.04
2025-07-07,00:08:19,Italy,66920,53580.0,124.9
2025-07-07,00:08:19,Latvia,7263,5640.0,128.78
2025-07-07,00:08:19,Lithuania,13247,7755.0,170.82
2025-07-07,00:08:19,Luxembourg,2482,4230.0,58.68
2025-07-07,00:08:19,Malta,1846,4230.0,43.64
2025-07-07,00:08:19,Netherlands,79666,20445.0,389.66
2025-07-07,00:08:19,Poland,132354,36660.0,361.03
2025-07-07,00:08:19,Portugal,28527,14805.0,192.68
2025-07-07,00:08:19,Romania,33470,23265.0,143.86
2025-07-07,00:08:19,Slovakia,17036,9870.0,172.6
2025-07-07,00:08:19,Slovenia,6307,5640.0,111.83
2025-07-07,00:08:19,Spain,105595,41595.0,253.86
2025-07-07,00:08:19,Sweden,62982,14805.0,425.41
2025-07-07,00:08:19,Total number of signatories,1201890,,
2025-07-07,11:19:45,Austria,19493,13395.0,145.52
2025-07-07,11:19:45,Belgium,27570,14805.0,186.22
2025-07-07,11:19:45,Bulgaria,12958,11985.0,108.12
2025-07-07,11:19:45,Croatia,13158,8460.0,155.53
2025-07-07,11:19:45,Cyprus,1991,4230.0,47.07
2025-07-07,11:19:45,Czechia,22271,14805.0,150.43
2025-07-07,11:19:45,Denmark,33798,9870.0,342.43
2025-07-07,11:19:45,Estonia,8644,4935.0,175.16
2025-07-07,11:19:45,Finland,53092,9870.0,537.91
2025-07-07,11:19:45,France,130274,55695.0,233.91
2025-07-07,11:19:45,Germany,258606,67680.0,382.1
2025-07-07,11:19:45,Greece,18789,14805.0,126.91
2025-07-07,11:19:45,Hungary,23817,14805.0,160.87
2025-07-07,11:19:45,Ireland,32945,9165.0,359.47
2025-07-07,11:19:45,Italy,68022,53580.0,126.95
2025-07-07,11:19:45,Latvia,7370,5640.0,130.67
2025-07-07,11:19:45,Lithuania,13409,7755.0,172.91
2025-07-07,11:19:45,Luxembourg,2519,4230.0,59.55
2025-07-07,11:19:45,Malta,1881,4230.0,44.47
2025-07-07,11:19:45,Netherlands,81034,20445.0,396.35
2025-07-07,11:19:45,Poland,134654,36660.0,367.3
2025-07-07,11:19:45,Portugal,28986,14805.0,195.79
2025-07-07,11:19:45,Romania,34005,23265.0,146.16
2025-07-07,11:19:45,Slovakia,17467,9870.0,176.97
2025-07-07,11:19:45,Slovenia,6398,5640.0,113.44
2025-07-07,11:19:45,Spain,107788,41595.0,259.14
2025-07-07,11:19:45,Sweden,64000,14805.0,432.29
2025-07-07,11:19:45,Total number of signatories,1224939,,
2025-07-06,14:54:46,Austria,19191,13395.0,143.27
2025-07-06,14:54:46,Belgium,27096,14805.0,183.02
2025-07-06,14:54:46,Bulgaria,12772,11985.0,106.57
2025-07-06,14:54:46,Croatia,13012,8460.0,153.81
2025-07-06,14:54:46,Cyprus,1962,4230.0,46.38
2025-07-06,14:54:46,Czechia,21580,14805.0,145.76
2025-07-06,14:54:46,Denmark,33287,9870.0,337.25
2025-07-06,14:54:46,Estonia,8547,4935.0,173.19
2025-07-06,14:54:46,Finland,52234,9870.0,529.22
2025-07-06,14:54:46,France,125916,55695.0,226.08
2025-07-06,14:54:46,Germany,254311,67680.0,375.76
2025-07-06,14:54:46,Greece,18380,14805.0,124.15
2025-07-06,14:54:46,Hungary,23459,14805.0,158.45
2025-07-06,14:54:46,Ireland,32448,9165.0,354.04
2025-07-06,14:54:46,Italy,66920,53580.0,124.9
2025-07-06,14:54:46,Latvia,7263,5640.0,128.78
2025-07-06,14:54:46,Lithuania,13247,7755.0,170.82
2025-07-06,14:54:46,Luxembourg,2482,4230.0,58.68
2025-07-06,14:54:46,Malta,1846,4230.0,43.64
2025-07-06,14:54:46,Netherlands,79666,20445.0,389.66
2025-07-06,14:54:46,Poland,132354,36660.0,361.03
2025-07-06,14:54:46,Portugal,28527,14805.0,192.68
2025-07-06,14:54:46,Romania,33470,23265.0,143.86
2025-07-06,14:54:46,Slovakia,17036,9870.0,172.6
2025-07-06,14:54:46,Slovenia,6307,5640.0,111.83
2025-07-06,14:54:46,Spain,105595,41595.0,253.86
2025-07-06,14:54:46,Sweden,62982,14805.0,425.41
2025-07-06,14:54:46,Total number of signatories,1201890,,
2025-07-04,17:15:28,Austria,18478,13395.0,137.95
2025-07-04,17:15:28,Belgium,26004,14805.0,175.64
2025-07-04,17:15:28,Bulgaria,12236,11985.0,102.09
2025-07-04,17:15:28,Croatia,12527,8460.0,148.07
2025-07-04,17:15:28,Cyprus,1890,4230.0,44.68
2025-07-04,17:15:28,Czechia,19706,14805.0,133.1
2025-07-04,17:15:28,Denmark,31870,9870.0,322.9
2025-07-04,17:15:28,Estonia,8252,4935.0,167.21
2025-07-04,17:15:28,Finland,50291,9870.0,509.53
2025-07-04,17:15:28,France,119887,55695.0,215.26
2025-07-04,17:15:28,Germany,242683,67680.0,358.57
2025-07-04,17:15:28,Greece,17475,14805.0,118.03
2025-07-04,17:15:28,Hungary,22512,14805.0,152.06
2025-07-04,17:15:28,Ireland,31328,9165.0,341.82
2025-07-04,17:15:28,Italy,64389,53580.0,120.17
2025-07-04,17:15:28,Latvia,6982,5640.0,123.79
2025-07-04,17:15:28,Lithuania,12743,7755.0,164.32
2025-07-04,17:15:28,Luxembourg,2380,4230.0,56.26
2025-07-04,17:15:28,Malta,1750,4230.0,41.37
2025-07-04,17:15:28,Netherlands,75543,20445.0,369.49
2025-07-04,17:15:28,Poland,125780,36660.0,343.1
2025-07-04,17:15:28,Portugal,27350,14805.0,184.73
2025-07-04,17:15:28,Romania,32117,23265.0,138.05
2025-07-04,17:15:28,Slovakia,15818,9870.0,160.26
2025-07-04,17:15:28,Slovenia,6057,5640.0,107.39
2025-07-04,17:15:28,Spain,99950,41595.0,240.29
2025-07-04,17:15:28,Sweden,59977,14805.0,405.11
2025-07-04,17:15:28,Total number of signatories,1145975,,
2025-07-05,10:49:00,Austria,18478,13395.0,137.95
2025-07-05,10:49:00,Belgium,26004,14805.0,175.64
2025-07-05,10:49:00,Bulgaria,12236,11985.0,102.09
2025-07-05,10:49:00,Croatia,12527,8460.0,148.07
2025-07-05,10:49:00,Cyprus,1890,4230.0,44.68
2025-07-05,10:49:00,Czechia,19706,14805.0,133.1
2025-07-05,10:49:00,Denmark,31870,9870.0,322.9
2025-07-05,10:49:00,Estonia,8252,4935.0,167.21
2025-07-05,10:49:00,Finland,50291,9870.0,509.53
2025-07-05,10:49:00,France,119887,55695.0,215.26
2025-07-05,10:49:00,Germany,242683,67680.0,358.57
2025-07-05,10:49:00,Greece,17475,14805.0,118.03
2025-07-05,10:49:00,Hungary,22512,14805.0,152.06
2025-07-05,10:49:00,Ireland,31328,9165.0,341.82
2025-07-05,10:49:00,Italy,64389,53580.0,120.17
2025-07-05,10:49:00,Latvia,6982,5640.0,123.79
2025-07-05,10:49:00,Lithuania,12743,7755.0,164.32
2025-07-05,10:49:00,Luxembourg,2380,4230.0,56.26
2025-07-05,10:49:00,Malta,1750,4230.0,41.37
2025-07-05,10:49:00,Netherlands,75543,20445.0,369.49
2025-07-05,10:49:00,Poland,125780,36660.0,343.1
2025-07-05,10:49:00,Portugal,27350,14805.0,184.73
2025-07-05,10:49:00,Romania,32117,23265.0,138.05
2025-07-05,10:49:00,Slovakia,15818,9870.0,160.26
2025-07-05,10:49:00,Slovenia,6057,5640.0,107.39
2025-07-05,10:49:00,Spain,99950,41595.0,240.29
2025-07-05,10:49:00,Sweden,59977,14805.0,405.11
2025-07-05,10:49:00,Total number of signatories,1145975,,
